<Motd UpdatePeriodHours="12">
  <Line Time="5">
    Welcome to Survivalcraft 2.6
  </Line>
  <Line Time="5">
    Anyway, we just added Multiplayer.
  </Line>
  <Line Time="5">
    You can now set multiplayer in world.
  </Line>
  <Line Time="5">
    More seasons have released.
  </Line>
  <Line Time="5">
    Also, for reminders note.
  </Line>
  <Line Time="2">
    Never gonna give you up!
  </Line>
  <Line Time="3">
    Never gonna let you down!!
  </Line>
  <Line Time="4">
    Never gonna run around and dessert you!
  </Line>
  <Line Time="5">
     Muahhahahah!
  </Line>
</Motd>